1;2017-04-26T17:02:43.112Z;;example1
2;2017-04-26T17:02:43.124Z;;example2
3;2017-04-26T17:02:43.124Z;;example3
4;2017-04-26T17:02:43.124Z;;example4
5;2017-04-26T17:02:43.124Z;;example5
6;2017-04-26T17:02:43.124Z;;example6
7;2017-04-26T17:02:43.124Z;;example7
8;2017-04-26T17:02:43.124Z;;example8
9;2017-04-26T17:02:43.124Z;;example9
10;2017-04-26T17:02:43.124Z;;example10
11;2017-04-26T17:02:43.124Z;;example11
12;2017-04-26T17:02:43.124Z;;example12
13;2017-04-26T17:02:43.124Z;;example13
14;2017-04-26T17:02:43.124Z;;example14
15;2017-04-26T17:02:43.124Z;;example15
16;2017-04-26T17:02:43.124Z;;example16
17;2017-04-26T17:02:43.124Z;;example17
18;2017-04-26T17:02:43.124Z;;example18
19;2017-04-26T17:02:43.124Z;;example19
20;2017-04-26T17:02:43.124Z;;example20
21;2017-04-26T17:02:43.124Z;;example21
22;2017-04-26T17:02:43.124Z;;example22
23;2017-04-26T17:02:43.124Z;;example23
24;2017-04-26T17:02:43.124Z;;example24
25;2017-04-26T17:02:43.124Z;;example25
26;2017-04-26T17:02:43.124Z;;example26
27;2017-04-26T17:02:43.124Z;;example27
28;2017-04-26T17:02:43.124Z;;example28
29;2017-04-26T17:02:43.124Z;;example29
30;2017-04-26T17:02:43.124Z;;example30
31;2017-04-26T17:02:43.124Z;;example31
32;2017-04-26T17:02:43.124Z;;example32
33;2017-04-26T17:02:43.124Z;;example33
34;2017-04-26T17:02:43.124Z;;example34
35;2017-04-26T17:02:43.124Z;;example35
36;2017-04-26T17:02:43.124Z;;example36
37;2017-04-26T17:02:43.125Z;;example37
38;2017-04-26T17:02:43.125Z;;example38
39;2017-04-26T17:02:43.125Z;;example39
40;2017-04-26T17:02:43.125Z;;example40
41;2017-04-26T17:02:43.125Z;;example41
42;2017-04-26T17:02:43.125Z;;example42
43;2017-04-26T17:02:43.125Z;;example43
44;2017-04-26T17:02:43.125Z;;example44
45;2017-04-26T17:02:43.125Z;;example45
46;2017-04-26T17:02:43.125Z;;example46
47;2017-04-26T17:02:43.125Z;;example47
48;2017-04-26T17:02:43.125Z;;example48
49;2017-04-26T17:02:43.125Z;;example49
50;2017-04-26T17:02:43.125Z;;example50
51;2017-04-26T17:02:43.125Z;;example51
52;2017-04-26T17:02:43.125Z;;example52
53;2017-04-26T17:02:43.125Z;;example53
54;2017-04-26T17:02:43.125Z;;example54
55;2017-04-26T17:02:43.125Z;;example55
56;2017-04-26T17:02:43.125Z;;example56
57;2017-04-26T17:02:43.125Z;;example57
58;2017-04-26T17:02:43.125Z;;example58
59;2017-04-26T17:02:43.125Z;;example59
60;2017-04-26T17:02:43.125Z;;example60
61;2017-04-26T17:02:43.125Z;;example61
62;2017-04-26T17:02:43.125Z;;example62
63;2017-04-26T17:02:43.125Z;;example63
64;2017-04-26T17:02:43.125Z;;example64
65;2017-04-26T17:02:43.125Z;;example65
66;2017-04-26T17:02:43.125Z;;example66
67;2017-04-26T17:02:43.125Z;;example67
68;2017-04-26T17:02:43.125Z;;example68
69;2017-04-26T17:02:43.125Z;;example69
70;2017-04-26T17:02:43.125Z;;example70
71;2017-04-26T17:02:43.126Z;;example71
72;2017-04-26T17:02:43.126Z;;example72
73;2017-04-26T17:02:43.126Z;;example73
74;2017-04-26T17:02:43.126Z;;example74
75;2017-04-26T17:02:43.126Z;;example75
76;2017-04-26T17:02:43.126Z;;example76
77;2017-04-26T17:02:43.126Z;;example77
78;2017-04-26T17:02:43.126Z;;example78
79;2017-04-26T17:02:43.126Z;;example79
80;2017-04-26T17:02:43.126Z;;example80
81;2017-04-26T17:02:43.126Z;;example81
82;2017-04-26T17:02:43.126Z;;example82
83;2017-04-26T17:02:43.126Z;;example83
84;2017-04-26T17:02:43.126Z;;example84
85;2017-04-26T17:02:43.126Z;;example85
86;2017-04-26T17:02:43.126Z;;example86
87;2017-04-26T17:02:43.126Z;;example87
88;2017-04-26T17:02:43.126Z;;example88
89;2017-04-26T17:02:43.126Z;;example89
90;2017-04-26T17:02:43.126Z;;example90
91;2017-04-26T17:02:43.126Z;;example91
92;2017-04-26T17:02:43.126Z;;example92
93;2017-04-26T17:02:43.126Z;;example93
94;2017-04-26T17:02:43.126Z;;example94
95;2017-04-26T17:02:43.126Z;;example95
96;2017-04-26T17:02:43.126Z;;example96
97;2017-04-26T17:02:43.126Z;;example97
98;2017-04-26T17:02:43.126Z;;example98
99;2017-04-26T17:02:43.126Z;;example99
